t_s,ratio_rr,spo2_index
0.0,0.6719538311129846,100.0
0.03333333333333333,0.6724544957970408,100.0
0.06666666666666667,0.6730471830789801,100.0
0.1,0.6737904515557248,100.0
0.13333333333333333,0.6746245327783481,100.0
0.16666666666666666,0.675517552660033,100.0
0.2,0.6764410422024084,100.0
0.23333333333333334,0.6772011257456553,100.0
0.26666666666666666,0.6776975066697063,100.0
0.3,0.6778736684007898,100.0
0.3333333333333333,0.6776743472417018,100.0
0.36666666666666664,0.6776451535956466,100.0
0.4,0.6776273791169315,100.0
0.43333333333333335,0.6776115385430502,100.0
0.4666666666666667,0.6770656122225588,100.0
0.5,0.6761121001225738,100.0
0.5333333333333333,0.6748597424769056,100.0
0.5666666666666667,0.6732224626305084,100.0
0.6,0.6712214316725331,100.0
0.6333333333333333,0.6690998808068942,100.0
0.6666666666666666,0.666798992663743,100.0
0.7,0.6642952938809911,100.0
0.7333333333333333,0.6614710370116919,100.0
0.7666666666666667,0.6582250607745804,100.0
0.8,0.6544656049354282,100.0
0.8333333333333334,0.6502471509115294,100.0
0.8666666666666667,0.6455994490239364,100.0
0.9,0.6405773277035675,100.0
0.9333333333333333,0.6354275018531835,100.0
0.9666666666666667,0.6302847679499547,100.0
1.0,0.6252581222523012,100.0
1.0333333333333334,0.6204349565064281,100.0
1.0666666666666667,0.61585071680138,100.0
1.1,0.6115709450658988,100.0
1.1333333333333333,0.6076414222083794,100.0
1.1666666666666667,0.6040619970679304,100.0
1.2,0.6007997129027233,100.0
1.2333333333333334,0.597733703063,100.0
1.2666666666666666,0.5946726370971768,100.0
1.3,0.5916440530568854,100.0
1.3333333333333333,0.588689332954804,100.0
1.3666666666666667,0.5858690705229128,100.0
1.4,0.5831679135841801,100.0
1.4333333333333333,0.5806995883962504,100.0
1.4666666666666666,0.5784781950786362,100.0
1.5,0.5765357558114774,100.0
1.5333333333333334,0.5748271850454468,100.0
1.5666666666666667,0.5733322178538394,100.0
1.6,0.57201057198648,100.0
1.6333333333333333,0.5708184873603,100.0
1.6666666666666667,0.5697086488969222,100.0
1.7,0.5686442517535288,100.0
1.7333333333333334,0.5676980788553796,100.0
1.7666666666666666,0.5668531805264089,100.0
1.8,0.5659918759507528,100.0
1.8333333333333333,0.565098531298222,100.0
1.8666666666666667,0.5641420547785679,100.0
1.9,0.5630213326971536,100.0
1.9333333333333333,0.5615287841633888,100.0
1.9666666666666666,0.560015570764798,100.0
2.0,0.5585180018309307,100.0
2.033333333333333,0.5570835757873613,100.0
2.066666666666667,0.5557058250146878,100.0
2.1,0.5543935245077001,100.0
2.1333333333333333,0.5530092262401305,100.0
2.1666666666666665,0.5515186549185203,100.0
2.2,0.5499038625145066,100.0
2.2333333333333334,0.5481517441025634,100.0
2.2666666666666666,0.5463574678417995,100.0
2.3,0.5446104230842083,100.0
2.3333333333333335,0.5427517417179768,100.0
2.3666666666666667,0.5408663386688944,100.0
2.4,0.5388460632334271,100.0
2.433333333333333,0.5365057879268564,100.0
2.466666666666667,0.5338303549890815,100.0
2.5,0.5309274520088623,100.0
2.533333333333333,0.527907298065139,100.0
2.566666666666667,0.5249762637814136,100.0
2.6,0.5220911745584476,100.0
2.6333333333333333,0.5194501920785237,100.0
2.6666666666666665,0.5169663051477125,100.0
2.7,0.5145863263841529,100.0
2.7333333333333334,0.512354368141674,100.0
2.7666666666666666,0.5103310664962956,100.0
2.8,0.5084789289342772,100.0
2.8333333333333335,0.506796065754607,100.0
2.8666666666666667,0.5053712969649308,100.0
2.9,0.5041764590220466,100.0
2.933333333333333,0.5029327873971173,100.0
2.966666666666667,0.5015931313165887,100.0
3.0,0.5001320935873781,100.0
3.033333333333333,0.4987174602617371,100.0
3.066666666666667,0.49740238054644464,100.0
3.1,0.49642258100008163,100.0
3.1333333333333333,0.4959679191065054,100.0
3.1666666666666665,0.49607700036189606,100.0
3.2,0.49662122888987553,100.0
3.2333333333333334,0.49747056931958183,100.0
3.2666666666666666,0.4983744719738664,100.0
3.3,0.49941219318113095,100.0
3.3333333333333335,0.5005447719246638,100.0
3.3666666666666667,0.5017425708475892,100.0
3.4,0.5030909638188582,100.0
3.433333333333333,0.5047167407833866,100.0
3.466666666666667,0.5065130969350851,100.0
3.5,0.5085025923728855,100.0
3.533333333333333,0.5107401772876912,100.0
3.566666666666667,0.513172465637336,100.0
3.6,0.5158168273708508,100.0
3.6333333333333333,0.5190108626586603,100.0
3.6666666666666665,0.5222996826112747,100.0
3.7,0.5256066980539857,100.0
3.7333333333333334,0.5288674539702957,100.0
3.7666666666666666,0.5319558760414054,100.0
3.8,0.5347941078881568,100.0
3.8333333333333335,0.5374376550157438,100.0
3.8666666666666667,0.5398560928128854,100.0
3.9,0.542213074692704,100.0
3.933333333333333,0.5444220175614726,100.0
3.966666666666667,0.5464954401778138,100.0
4.0,0.5483473836390392,100.0
4.033333333333333,0.5499709787045417,100.0
4.066666666666666,0.5512915057587287,100.0
4.1,0.5522644308067894,100.0
4.133333333333334,0.5526899312354292,100.0
4.166666666666667,0.5526257333409503,100.0
4.2,0.5520912613198153,100.0
4.233333333333333,0.551080337062517,100.0
4.266666666666667,0.5496005796407161,100.0
4.3,0.5477397449569376,100.0
4.333333333333333,0.5455011830771058,100.0
4.366666666666666,0.543312808742184,100.0
4.4,0.5412408669538442,100.0
4.433333333333334,0.5395002900234855,100.0
4.466666666666667,0.5381168006949674,100.0
4.5,0.5370238007592257,100.0
4.533333333333333,0.5360480453932285,100.0
4.566666666666666,0.5350928432093089,100.0
4.6,0.5339677493903116,100.0
4.633333333333334,0.5326962688760739,100.0
4.666666666666667,0.5312667204949925,100.0
4.7,0.5297476349916473,100.0
4.733333333333333,0.5281858778650729,100.0
4.766666666666667,0.5267424311928773,100.0
4.8,0.5255575886526349,100.0
4.833333333333333,0.5247376750244495,100.0
4.866666666666666,0.5243347536509083,100.0
4.9,0.5243828930330319,100.0
4.933333333333334,0.5249180006566451,100.0
4.966666666666667,0.5259045172462046,100.0
5.0,0.5272051541421634,100.0
5.033333333333333,0.5286814352993643,100.0
5.066666666666666,0.5302453080103035,100.0
5.1,0.5317053580581298,100.0
5.133333333333334,0.5327789788137457,100.0
5.166666666666667,0.5337679613644297,100.0
5.2,0.534795944575813,100.0
5.233333333333333,0.5359998800118492,100.0
5.266666666666667,0.5374499622506524,100.0
5.3,0.539176411216555,100.0
5.333333333333333,0.5412311230908106,100.0
5.366666666666666,0.5436088858946958,100.0
5.4,0.5462918791864132,100.0
5.433333333333334,0.5493539915561135,100.0
5.466666666666667,0.5527962682553231,100.0
5.5,0.5564976269599295,100.0
5.533333333333333,0.5603298247915205,100.0
5.566666666666666,0.5642556231492839,100.0
5.6,0.5682141979983945,100.0
5.633333333333334,0.57215608280233,100.0
5.666666666666667,0.5760735554105368,100.0
5.7,0.580048494404309,100.0
5.733333333333333,0.5842063488931553,100.0
5.766666666666667,0.5885671043505493,100.0
5.8,0.5932248404395681,100.0
5.833333333333333,0.598201103854434,100.0
5.866666666666666,0.6031384621975996,100.0
5.9,0.6078937661042597,100.0
5.933333333333334,0.6122988014482232,100.0
5.966666666666667,0.6163566485888252,100.0
6.0,0.6200903094990111,100.0
6.033333333333333,0.6235001237095534,100.0
6.066666666666666,0.6266170591829343,100.0
6.1,0.6294270714093838,100.0
6.133333333333334,0.6319039852832053,100.0
6.166666666666667,0.6340512259341418,100.0
6.2,0.6358826270799759,100.0
6.233333333333333,0.6374108102556176,100.0
6.266666666666667,0.6386223856630059,100.0
6.3,0.6394534262555052,100.0
6.333333333333333,0.6398138593660528,100.0
6.366666666666666,0.6397493755164378,100.0
6.4,0.6392533939095696,100.0
6.433333333333334,0.6381891321969176,100.0
6.466666666666667,0.6366252715539895,100.0
6.5,0.6346360999833904,100.0
6.533333333333333,0.6324751540849803,100.0
6.566666666666666,0.6302275448641145,100.0
6.6,0.6280959450348498,100.0
6.633333333333334,0.6261639114214377,100.0
6.666666666666667,0.6244602225988499,100.0
6.7,0.6229749847482833,100.0
6.733333333333333,0.6216514255819641,100.0
6.766666666666667,0.6204811574827085,100.0
6.8,0.6195584152115803,100.0
6.833333333333333,0.6188641868456882,100.0
6.866666666666666,0.6184038776372275,100.0
6.9,0.6181656522735013,100.0
6.933333333333334,0.6179773078382883,100.0
6.966666666666667,0.6178111849041295,100.0
7.0,0.6177528598788242,100.0
7.033333333333333,0.6178538913670243,100.0
7.066666666666666,0.6180768413492417,100.0
7.1,0.6184133657416738,100.0
7.133333333333334,0.6189565822220536,100.0
7.166666666666667,0.6196666497532066,100.0
7.2,0.6207138692303078,100.0
7.233333333333333,0.6218866743397503,100.0
7.266666666666667,0.6231447549383637,100.0
7.3,0.6243524622301628,100.0
7.333333333333333,0.6254973742561425,100.0
7.366666666666666,0.6264231669950574,100.0
7.4,0.6271214414407208,100.0
7.433333333333334,0.6277351211602294,100.0
7.466666666666667,0.6281233662661184,100.0
7.5,0.6282529154595421,100.0
7.533333333333333,0.6283910118283735,100.0
7.566666666666666,0.628543387202391,100.0
7.6,0.6287778975581447,100.0
7.633333333333334,0.6292213972335744,100.0
7.666666666666667,0.6298925521688566,100.0
7.7,0.6307907019358365,100.0
7.733333333333333,0.6319883241876413,100.0
7.766666666666667,0.6334966675822232,100.0
7.8,0.635182083033858,100.0
7.833333333333333,0.6371585088668587,100.0
7.866666666666666,0.6395080847703442,100.0
7.9,0.6420386337541233,100.0
7.933333333333334,0.6448831769584328,100.0
7.966666666666667,0.6474892157965579,100.0
8.0,0.6499268231791552,100.0
8.033333333333333,0.6516227412351938,100.0
8.066666666666666,0.6526915610125593,100.0
8.1,0.6532103944293199,100.0
8.133333333333333,0.6531173512738653,100.0
8.166666666666666,0.6525271770584881,100.0
8.2,0.6514126843849285,100.0
8.233333333333333,0.6494843341408935,100.0
8.266666666666667,0.6467739542320093,100.0
8.3,0.6431973004424529,100.0
8.333333333333334,0.6387430692783169,100.0
8.366666666666667,0.633388116850606,100.0
8.4,0.6272702962603758,100.0
8.433333333333334,0.6207872206803875,100.0
8.466666666666667,0.6139731564965119,100.0
8.5,0.6069856004793034,100.0
8.533333333333333,0.5997317160318725,100.0
8.566666666666666,0.5920834260671038,100.0
8.6,0.5842933265905388,100.0
8.633333333333333,0.5764181554186963,100.0
8.666666666666666,0.569062565552216,100.0
8.7,0.561570635244022,100.0
8.733333333333333,0.5545531467489734,100.0
8.766666666666667,0.5481012788619621,100.0
8.8,0.5422115327944192,100.0
8.833333333333334,0.536918023063603,100.0
8.866666666666667,0.5324829641932821,100.0
8.9,0.5290736669617235,100.0
8.933333333333334,0.5264781678626209,100.0
8.966666666666667,0.524879052001711,100.0
9.0,0.5244180306847414,100.0
9.033333333333333,0.5247532381966057,100.0
9.066666666666666,0.5258419147271939,100.0
9.1,0.5275255196915084,100.0
9.133333333333333,0.5293545571102224,100.0
9.166666666666666,0.5312794710861708,100.0
9.2,0.5329754062678219,100.0
9.233333333333333,0.5344439181058546,100.0
9.266666666666667,0.5357790329658231,100.0
9.3,0.5368117169280724,100.0
9.333333333333334,0.5373149249144018,100.0
9.366666666666667,0.5371858149236529,100.0
9.4,0.5371993904598213,100.0
9.433333333333334,0.5376134424293603,100.0
9.466666666666667,0.5387608476549778,100.0
9.5,0.5405489092207796,100.0
9.533333333333333,0.5430811721150083,100.0
9.566666666666666,0.5460656434764671,100.0
9.6,0.5492652311320596,100.0
9.633333333333333,0.5527082599670339,100.0
9.666666666666666,0.555913837041443,100.0
9.7,0.5587809817099073,100.0
9.733333333333333,0.5618569187478386,100.0
9.766666666666667,0.565177169509238,100.0
9.8,0.5687771185173738,100.0
9.833333333333334,0.5726515700410039,100.0
9.866666666666667,0.5768034637451366,100.0
9.9,0.5814580627225068,100.0
9.933333333333334,0.5868931069160633,100.0
9.966666666666667,0.5930259594844217,100.0
10.0,0.599724954982217,100.0
10.033333333333333,0.6069863478698811,100.0
10.066666666666666,0.6148630285121295,100.0
10.1,0.6231561755756798,100.0
10.133333333333333,0.6316089903171255,100.0
10.166666666666666,0.6397873099372718,100.0
10.2,0.6477002291883773,100.0
10.233333333333333,0.655191923510049,100.0
10.266666666666667,0.662319596911149,100.0
10.3,0.6690866479739899,100.0
10.333333333333334,0.6755198767869286,100.0
10.366666666666667,0.6819052338192714,100.0
10.4,0.6882753377596886,100.0
10.433333333333334,0.6946442759744963,100.0
10.466666666666667,0.7010461896589245,100.0
10.5,0.7073236192722028,100.0
10.533333333333333,0.7133894592553682,100.0
10.566666666666666,0.7191633225954632,100.0
10.6,0.7246595291167772,100.0
10.633333333333333,0.7296071819269413,100.0
10.666666666666666,0.7340235379162936,100.0
10.7,0.738311592838836,100.0
10.733333333333333,0.7426563634340438,100.0
10.766666666666667,0.7468331073346883,100.0
10.8,0.7508105427134333,100.0
10.833333333333334,0.7545297629360614,100.0
10.866666666666667,0.7579082316657894,100.0
10.9,0.7607370839289109,100.0
10.933333333333334,0.7629216938211174,100.0
10.966666666666667,0.7644451331531922,100.0
11.0,0.7654456558770558,100.0
11.033333333333333,0.7661065154196374,100.0
11.066666666666666,0.7663958992916462,100.0
11.1,0.7662639638105065,100.0
11.133333333333333,0.7656315344404876,100.0
11.166666666666666,0.7647370593853291,100.0
11.2,0.7636937873694691,100.0
11.233333333333333,0.7625570637624437,100.0
11.266666666666667,0.7615001155630552,100.0
11.3,0.7605652975483598,100.0
11.333333333333334,0.7597459941233201,100.0
11.366666666666667,0.7591508625295044,100.0
11.4,0.7584096717619329,100.0
11.433333333333334,0.7570980080926928,100.0
11.466666666666667,0.7553930712282755,100.0
11.5,0.7532619933812016,100.0
11.533333333333333,0.7507661151337978,100.0
11.566666666666666,0.7480302437504134,100.0
11.6,0.7453450156524604,100.0
11.633333333333333,0.7428078746811658,100.0
11.666666666666666,0.740484439601094,100.0
11.7,0.7383638193268716,100.0
11.733333333333333,0.7364996762060868,100.0
11.766666666666667,0.7348871790062965,100.0
11.8,0.7335541327133066,100.0
11.833333333333334,0.732478467147787,100.0
11.866666666666667,0.7314036385121453,100.0
11.9,0.7303341731904146,100.0
11.933333333333334,0.7292471824900048,100.0
11.966666666666667,0.728034398021857,100.0
12.0,0.726733338421781,100.0
12.033333333333333,0.7253379912453772,100.0
12.066666666666666,0.7237785943895246,100.0
12.1,0.7220657506471218,100.0
12.133333333333333,0.7204884882623046,100.0
12.166666666666666,0.7190920519835955,100.0
12.2,0.7179670828734184,100.0
12.233333333333333,0.7170838758302673,100.0
12.266666666666667,0.7165641032852006,100.0
12.3,0.7163508735418116,100.0
12.333333333333334,0.7164291442276058,100.0
12.366666666666667,0.716735586039913,100.0
12.4,0.7172066229338755,100.0
12.433333333333334,0.7176908159128135,100.0
12.466666666666667,0.7181745106508387,100.0
12.5,0.7185931732530029,100.0
12.533333333333333,0.7189245891119983,100.0
12.566666666666666,0.7191911982778214,100.0
12.6,0.7194264890025996,100.0
12.633333333333333,0.7196909344584154,100.0
12.666666666666666,0.7200059666932456,100.0
12.7,0.7204243436728605,100.0
12.733333333333333,0.7209647015414051,100.0
12.766666666666667,0.7216216168670189,100.0
12.8,0.7224000716221133,100.0
12.833333333333334,0.7233152122248999,100.0
12.866666666666667,0.7243319172299392,100.0
12.9,0.7254401505930926,100.0
12.933333333333334,0.7266188014338169,100.0
12.966666666666667,0.727716936891635,100.0
13.0,0.7287256247801969,100.0
13.033333333333333,0.7296198281212591,100.0
13.066666666666666,0.730406393689555,100.0
13.1,0.7310711719870584,100.0
13.133333333333333,0.7316773530322491,100.0
13.166666666666666,0.7322345411656076,100.0
13.2,0.7327731943097736,100.0
13.233333333333333,0.7331928894547018,100.0
13.266666666666667,0.7335068031298674,100.0
13.3,0.7336872939044927,100.0
13.333333333333334,0.7337642727265787,100.0
13.366666666666667,0.7337353887807049,100.0
13.4,0.7335306141813314,100.0
13.433333333333334,0.7331957169919414,100.0
13.466666666666667,0.732807176063717,100.0
13.5,0.7324103783307293,100.0
13.533333333333333,0.7319801201692335,100.0
13.566666666666666,0.7315731990417317,100.0
13.6,0.7311756643718914,100.0
13.633333333333333,0.7307684541981919,100.0
13.666666666666666,0.7302999240245709,100.0
13.7,0.7297312424079262,100.0
13.733333333333333,0.7291154974091391,100.0
13.766666666666667,0.7284241489508827,100.0
13.8,0.7277083680913878,100.0
13.833333333333334,0.7270392880136356,100.0
13.866666666666667,0.7264767242164799,100.0
13.9,0.7260630208964445,100.0
13.933333333333334,0.7256851398722695,100.0
13.966666666666667,0.7253161664165327,100.0
14.0,0.7250016178594941,100.0
14.033333333333333,0.7246321913541037,100.0
14.066666666666666,0.7241797570004878,100.0
14.1,0.7236343851701599,100.0
14.133333333333333,0.7229427176989967,100.0
14.166666666666666,0.7220352849165964,100.0
14.2,0.7208464951068179,100.0
14.233333333333333,0.7193644441123307,100.0
14.266666666666667,0.7175588116820648,100.0
14.3,0.7154296430029418,100.0
14.333333333333334,0.7130621501705496,100.0
14.366666666666667,0.7105917696432298,100.0
14.4,0.7080328027775671,100.0
14.433333333333334,0.7053666361454188,100.0
14.466666666666667,0.7025959953361118,100.0
14.5,0.6997813676811111,100.0
14.533333333333333,0.6968546017639908,100.0
14.566666666666666,0.6937339124480436,100.0
14.6,0.6903152350419144,100.0
14.633333333333333,0.6867656625283305,100.0
14.666666666666666,0.6831120546650742,100.0
14.7,0.6793067835078505,100.0
14.733333333333333,0.6754736305419085,100.0
14.766666666666667,0.6717368897580808,100.0
14.8,0.6682372172686273,100.0
14.833333333333334,0.6649426415852744,100.0
14.866666666666667,0.6619046390498475,100.0
14.9,0.6591129648957436,100.0
14.933333333333334,0.6566740539291338,100.0
14.966666666666667,0.6545892290268733,100.0
15.0,0.6527090022707354,100.0
15.033333333333333,0.650980484228438,100.0
15.066666666666666,0.6492737986805123,100.0
15.1,0.6475973457823366,100.0
15.133333333333333,0.6459204819448932,100.0
15.166666666666666,0.6443134749262373,100.0
15.2,0.6427013271602912,100.0
15.233333333333333,0.6410867438116852,100.0
15.266666666666667,0.6395074152040421,100.0
15.3,0.6379941624477546,100.0
15.333333333333334,0.6364202693077873,100.0
15.366666666666667,0.6346903772230699,100.0
15.4,0.6328783452763327,100.0
15.433333333333334,0.631162530715212,100.0
15.466666666666667,0.6294489955350218,100.0
15.5,0.6276066460111746,100.0
15.533333333333333,0.6256991370074081,100.0
15.566666666666666,0.6237898237619003,100.0
15.6,0.6219259524756721,100.0
15.633333333333333,0.6200125811016788,100.0
15.666666666666666,0.6180855079353474,100.0
15.7,0.6162874759417558,100.0
15.733333333333333,0.614635335724635,100.0
15.766666666666667,0.6131535948144057,100.0
15.8,0.6118595510714018,100.0
15.833333333333334,0.6107725829114696,100.0
15.866666666666667,0.6098178703710777,100.0
15.9,0.6089596877160453,100.0
15.933333333333334,0.6083100449078565,100.0
15.966666666666667,0.607858069299922,100.0
16.0,0.6076022299558733,100.0
16.033333333333335,0.6076487566355486,100.0
16.066666666666666,0.6080717495489194,100.0
16.1,0.6088348853124691,100.0
16.133333333333333,0.6097270688497102,100.0
16.166666666666668,0.610779744435857,100.0
16.2,0.6120171237334401,100.0
16.233333333333334,0.6133953350836985,100.0
16.266666666666666,0.6147876744938544,100.0
16.3,0.6161148700920229,100.0
16.333333333333332,0.6174094068030976,100.0
16.366666666666667,0.6186439051521749,100.0
16.4,0.6198312764978953,100.0
16.433333333333334,0.6209478788133873,100.0
16.466666666666665,0.6220241334068549,100.0
16.5,0.6231330715214395,100.0
16.533333333333335,0.6242685721908269,100.0
16.566666666666666,0.625453177953445,100.0
16.6,0.6267006769234784,100.0
16.633333333333333,0.627930492033883,100.0
16.666666666666668,0.62911200405962,100.0
16.7,0.6302778126692425,100.0
16.733333333333334,0.6314399673770636,100.0
16.766666666666666,0.6326124775647074,100.0
16.8,0.6337757541929869,100.0
16.833333333333332,0.634775175281719,100.0
16.866666666666667,0.6356618307806607,100.0
16.9,0.636430767749888,100.0
16.933333333333334,0.637195612577278,100.0
16.966666666666665,0.6379775971026277,100.0
17.0,0.6388327521813947,100.0
17.033333333333335,0.6397150783681315,100.0
17.066666666666666,0.6405933096014237,100.0
17.1,0.6414567920809492,100.0
17.133333333333333,0.6423450161276258,100.0
17.166666666666668,0.6432299530422158,100.0
17.2,0.6440457464325394,100.0
17.233333333333334,0.6448064166089886,100.0
17.266666666666666,0.6455423810943255,100.0
17.3,0.6462953149761079,100.0
17.333333333333332,0.6470676928662392,100.0
17.366666666666667,0.6478932312395026,100.0
17.4,0.6487906253770268,100.0
17.433333333333334,0.6496858598877774,100.0
17.466666666666665,0.6505356200840584,100.0
17.5,0.6513558931393753,100.0
17.533333333333335,0.6522703031978259,100.0
17.566666666666666,0.6532232976720946,100.0
17.6,0.6541922705136075,100.0
17.633333333333333,0.655067963591494,100.0
17.666666666666668,0.6558572712101721,100.0
17.7,0.6566190617995363,100.0
17.733333333333334,0.6574092521088392,100.0
17.766666666666666,0.65827424033225,100.0
17.8,0.6592492078914779,100.0
17.833333333333332,0.6602996560707611,100.0
17.866666666666667,0.6614492129379819,100.0
17.9,0.6626921815997723,100.0
17.933333333333334,0.6640226541574613,100.0
17.966666666666665,0.6654033242898503,100.0
18.0,0.6667928709635874,100.0
18.033333333333335,0.6681235903528563,100.0
18.066666666666666,0.6693511083156303,100.0
18.1,0.6703672588828996,100.0
18.133333333333333,0.6711934773838456,100.0
18.166666666666668,0.6718767476298815,100.0
18.2,0.6726033513088563,100.0
18.233333333333334,0.6733871605953037,100.0
18.266666666666666,0.6741805480937938,100.0
18.3,0.6749671711309169,100.0
18.333333333333332,0.6760925536366239,100.0
18.366666666666667,0.6775476085425066,100.0
18.4,0.6792889685202891,100.0
18.433333333333334,0.6810515175076051,100.0
18.466666666666665,0.6827989150284065,100.0
18.5,0.6844887514511614,100.0
18.533333333333335,0.6861679422108576,100.0
18.566666666666666,0.6878202942284094,100.0
18.6,0.689437398978267,100.0
18.633333333333333,0.691011197023641,100.0
18.666666666666668,0.6925341810834139,100.0
18.7,0.6940232737482519,100.0
18.733333333333334,0.6955260852658194,100.0
18.766666666666666,0.6970434207663028,100.0
18.8,0.6986557853805577,100.0
18.833333333333332,0.7004406325758876,100.0
18.866666666666667,0.7023402377154927,100.0
18.9,0.7041199523310472,100.0
18.933333333333334,0.7057528602814241,100.0
18.966666666666665,0.7073164845836101,100.0
19.0,0.7088333154354713,100.0
19.033333333333335,0.7100041456842073,100.0
19.066666666666666,0.710828916220566,100.0
19.1,0.7113019504963694,100.0
19.133333333333333,0.7116696122328539,100.0
19.166666666666668,0.7119574885288747,100.0
19.2,0.7120940378802526,100.0
19.233333333333334,0.7120185102263205,100.0
19.266666666666666,0.711699016678011,100.0
19.3,0.7111283085556092,100.0
19.333333333333332,0.7102845029174698,100.0
19.366666666666667,0.7092068967144103,100.0
19.4,0.7079651377875068,100.0
19.433333333333334,0.7066908903872521,100.0
19.466666666666665,0.7054331390122461,100.0
19.5,0.7041883079755864,100.0
19.533333333333335,0.702986588089343,100.0
19.566666666666666,0.7019145088720539,100.0
19.6,0.70108253062061,100.0
19.633333333333333,0.7005775555492075,100.0
19.666666666666668,0.7003435401623366,100.0
19.7,0.7000762137569543,100.0
19.733333333333334,0.6996841000583587,100.0
19.766666666666666,0.6991704684732925,100.0
19.8,0.6984998361202415,100.0
19.833333333333332,0.6977541486889278,100.0
19.866666666666667,0.6969812593674691,100.0
19.9,0.6962327065592225,100.0
19.933333333333334,0.6954511393786934,100.0
19.966666666666665,0.6947362765087898,100.0
20.0,0.6941516967084989,100.0
20.033333333333335,0.6937344844722941,100.0
20.066666666666666,0.6934963607844911,100.0
20.1,0.693374580522053,100.0
20.133333333333333,0.6932343183047136,100.0
20.166666666666668,0.6930589946154511,100.0
20.2,0.6928482513916014,100.0
20.233333333333334,0.6925390692870854,100.0
20.266666666666666,0.692057283462947,100.0
20.3,0.691382838534321,100.0
20.333333333333332,0.6904643344785037,100.0
20.366666666666667,0.6893312008346297,100.0
20.4,0.6883308347801037,100.0
20.433333333333334,0.6875648252025433,100.0
20.466666666666665,0.6870717561834098,100.0
20.5,0.6868625102247735,100.0
20.533333333333335,0.6868334977704389,100.0
20.566666666666666,0.6869493601001118,100.0
20.6,0.6872271248208894,100.0
20.633333333333333,0.6874289194106185,100.0
20.666666666666668,0.6874823817180823,100.0
20.7,0.6874195964180928,100.0
20.733333333333334,0.6873391683378136,100.0
20.766666666666666,0.6872789529842034,100.0
20.8,0.6872807637976166,100.0
20.833333333333332,0.6874903632493333,100.0
20.866666666666667,0.6879068974214666,100.0
20.9,0.6885308672106343,100.0
20.933333333333334,0.6892881716916346,100.0
20.966666666666665,0.6901913741758495,100.0
21.0,0.6911652255989607,100.0
21.033333333333335,0.6922071501641973,100.0
21.066666666666666,0.6932587123576993,100.0
21.1,0.6942434234501004,100.0
21.133333333333333,0.695066157594713,100.0
21.166666666666668,0.695657200453847,100.0
21.2,0.6960683441412513,100.0
21.233333333333334,0.6963396590372545,100.0
21.266666666666666,0.6965345452054569,100.0
21.3,0.6966803248496917,100.0
21.333333333333332,0.6970451352615596,100.0
21.366666666666667,0.697598410817065,100.0
21.4,0.6982692423414241,100.0
21.433333333333334,0.6990044694957523,100.0
21.466666666666665,0.6997240279906505,100.0
21.5,0.7003692339232086,100.0
21.533333333333335,0.7008249702847597,100.0
21.566666666666666,0.7010956822460725,100.0
21.6,0.7012046054677975,100.0
21.633333333333333,0.7012673283752376,100.0
21.666666666666668,0.7013191097712488,100.0
21.7,0.7013811548425986,100.0
21.733333333333334,0.7014696463020392,100.0
21.766666666666666,0.7016797397866525,100.0
21.8,0.7020297698179705,100.0
21.833333333333332,0.7024950627454034,100.0
21.866666666666667,0.7030007467772177,100.0
21.9,0.7034827441145511,100.0
21.933333333333334,0.7039479540688729,100.0
21.966666666666665,0.7042883720024564,100.0
22.0,0.7044859113023018,100.0
22.033333333333335,0.70460288039794,100.0
22.066666666666666,0.7046324469754557,100.0
22.1,0.7045850104802742,100.0
22.133333333333333,0.7045672547198606,100.0
22.166666666666668,0.7046105572492496,100.0
22.2,0.704728772660514,100.0
22.233333333333334,0.7049102526944935,100.0
22.266666666666666,0.7051864216482374,100.0
22.3,0.7054715019972164,100.0
22.333333333333332,0.7056700279906843,100.0
22.366666666666667,0.7057455009606317,100.0
22.4,0.705622821746571,100.0
22.433333333333334,0.7052432509538841,100.0
22.466666666666665,0.7045623168626355,100.0
22.5,0.7036057529153028,100.0
22.533333333333335,0.7024525581906849,100.0
22.566666666666666,0.7012885944834087,100.0
22.6,0.7002340954734622,100.0
22.633333333333333,0.6993514593794982,100.0
22.666666666666668,0.6987504520322432,100.0
22.7,0.6984517440342236,100.0
22.733333333333334,0.6984466725576558,100.0
22.766666666666666,0.6985989667942588,100.0
22.8,0.6986557337482514,100.0
22.833333333333332,0.6985344804670979,100.0
22.866666666666667,0.698279951726015,100.0
22.9,0.697924546203284,100.0
22.933333333333334,0.6975728794931634,100.0
22.966666666666665,0.6971664125767373,100.0
23.0,0.6967940989671649,100.0
23.033333333333335,0.6964999479495362,100.0
23.066666666666666,0.6962771114754933,100.0
23.1,0.6961871487454625,100.0
23.133333333333333,0.6962357733106461,100.0
23.166666666666668,0.6964266850449528,100.0
23.2,0.6967691353639888,100.0
23.233333333333334,0.6972403131339738,100.0
23.266666666666666,0.6977358660497687,100.0
23.3,0.69815910650752,100.0
23.333333333333332,0.6984741123221251,100.0
23.366666666666667,0.6987050332624003,100.0
23.4,0.6988371594831282,100.0
23.433333333333334,0.6988006306455253,100.0
23.466666666666665,0.6987787800639271,100.0
23.5,0.6990166124544255,100.0
23.533333333333335,0.6994186427308728,100.0
23.566666666666666,0.6999361029081198,100.0
23.6,0.7005081751257487,100.0
23.633333333333333,0.7010316689421939,100.0
23.666666666666668,0.701524973422515,100.0
23.7,0.7019609413536974,100.0
23.733333333333334,0.7023212575592478,100.0
23.766666666666666,0.7025817541808533,100.0
23.8,0.7028380177299088,100.0
23.833333333333332,0.7031686239712388,100.0
23.866666666666667,0.7036118077150882,100.0
23.9,0.704242601411134,100.0
23.933333333333334,0.7051807007226472,100.0
23.966666666666665,0.7064757762821495,100.0
24.0,0.7081686774496829,100.0
24.033333333333335,0.71022423977953,100.0
24.066666666666666,0.7124840871979021,100.0
24.1,0.7148619106208808,100.0
24.133333333333333,0.7173289370979382,100.0
24.166666666666668,0.7197660526164379,100.0
24.2,0.7220559850472901,100.0
24.233333333333334,0.7240669009528936,100.0
24.266666666666666,0.7259600054183227,100.0
24.3,0.7282783198995838,100.0
24.333333333333332,0.7309833169769893,100.0
24.366666666666667,0.7340010155014329,100.0
24.4,0.7372474285592476,100.0
24.433333333333334,0.7404683607669446,100.0
24.466666666666665,0.7436467431536924,100.0
24.5,0.7466253180728666,100.0
24.533333333333335,0.7493467140244858,100.0
24.566666666666666,0.7517660989844162,100.0
24.6,0.7537828515122237,100.0
24.633333333333333,0.7554109702554884,100.0
24.666666666666668,0.7566459049219593,100.0
24.7,0.7575015012099551,100.0
24.733333333333334,0.7579852354432726,100.0
24.766666666666666,0.7582019778814532,100.0
24.8,0.7582722935300696,100.0
24.833333333333332,0.7583083282545383,100.0
24.866666666666667,0.7584133732139872,100.0
24.9,0.7586200253146024,100.0
24.933333333333334,0.758966109445003,100.0
24.966666666666665,0.7592844620046535,100.0
25.0,0.759034825464764,100.0
25.033333333333335,0.7582548013803917,100.0
25.066666666666666,0.7570833226998286,100.0
25.1,0.7557170086856525,100.0
25.133333333333333,0.7544130098441671,100.0
25.166666666666668,0.7532402546298816,100.0
25.2,0.7522952785995971,100.0
25.233333333333334,0.7516171479217993,100.0
25.266666666666666,0.7512138725783285,100.0
25.3,0.7511027226198606,100.0
25.333333333333332,0.7511388261049055,100.0
25.366666666666667,0.7512703146765227,100.0
25.4,0.7514218050161255,100.0
25.433333333333334,0.7514996790734013,100.0
25.466666666666665,0.7514529785757745,100.0
25.5,0.7512186190874094,100.0
25.533333333333335,0.7507986654290988,100.0
25.566666666666666,0.7501887008828396,100.0
25.6,0.7494917763899723,100.0
25.633333333333333,0.7488184095751099,100.0
25.666666666666668,0.7481583410215079,100.0
25.7,0.7475345139237158,100.0
25.733333333333334,0.746994226545395,100.0
25.766666666666666,0.7464314969048951,100.0
25.8,0.7457397685003975,100.0
25.833333333333332,0.744936465540324,100.0
25.866666666666667,0.7440352075778651,100.0
25.9,0.7430434120912673,100.0
25.933333333333334,0.742039753722261,100.0
25.966666666666665,0.7410881613332494,100.0
26.0,0.7402406436909518,100.0
26.033333333333335,0.7395826975176557,100.0
26.066666666666666,0.7391643922109854,100.0
26.1,0.7390289075301759,100.0
26.133333333333333,0.7391714824683602,100.0
26.166666666666668,0.7395402547915741,100.0
26.2,0.7400740891068259,100.0
26.233333333333334,0.7406676345032974,100.0
26.266666666666666,0.7412821136617935,100.0
26.3,0.7418243570194114,100.0
26.333333333333332,0.7422483445427029,100.0
26.366666666666667,0.7425648267445556,100.0
26.4,0.7428357971214753,100.0
26.433333333333334,0.7431112779981545,100.0
26.466666666666665,0.743468848840131,100.0
26.5,0.7439610156413211,100.0
26.533333333333335,0.7446452598554728,100.0
26.566666666666666,0.7455398310999618,100.0
26.6,0.746552675319179,100.0
26.633333333333333,0.7476073668252814,100.0
26.666666666666668,0.7487382410138276,100.0
26.7,0.7498764919027632,100.0
26.733333333333334,0.7509458468582655,100.0
26.766666666666666,0.7518911091473844,100.0
26.8,0.7527356545500153,100.0
26.833333333333332,0.7536744244478362,100.0
26.866666666666667,0.7548958315909019,100.0
26.9,0.756616406151224,100.0
26.933333333333334,0.7587159481314006,100.0
26.966666666666665,0.761246881273175,100.0
27.0,0.764194043821176,100.0
27.033333333333335,0.767413908951679,100.0
27.066666666666666,0.7709359998341527,100.0
27.1,0.774563372368626,100.0
27.133333333333333,0.7780988216834769,100.0
27.166666666666668,0.7815278120125435,100.0
27.2,0.7848472407388627,100.0
27.233333333333334,0.7880366985967878,100.0
27.266666666666666,0.7910248549522185,100.0
27.3,0.7940576186322159,100.0
27.333333333333332,0.7972162721122936,100.0
27.366666666666667,0.8004246376898646,100.0
27.4,0.8036701639550957,100.0
27.433333333333334,0.8069371088689061,100.0
27.466666666666665,0.8103209403871496,100.0
27.5,0.8137434120588306,100.0
27.533333333333335,0.8169835444162912,100.0
27.566666666666666,0.8200630648288341,100.0
27.6,0.822813820354692,100.0
27.633333333333333,0.8255072940094953,100.0
27.666666666666668,0.8281846423918973,100.0
27.7,0.8309180679058799,100.0
27.733333333333334,0.8338981942957999,100.0
27.766666666666666,0.8368861722523355,100.0
27.8,0.8400597178382136,100.0
27.833333333333332,0.8436026249350095,100.0
27.866666666666667,0.8475936143922412,100.0
27.9,0.8520140576850178,100.0
27.933333333333334,0.8564938477218992,100.0
27.966666666666665,0.8610143978504586,100.0
28.0,0.8654100650547107,100.0
28.033333333333335,0.8694738144170799,100.0
28.066666666666666,0.8731461598354633,100.0
28.1,0.8764037359507113,100.0
28.133333333333333,0.8793255727433327,100.0
28.166666666666668,0.8817180271248377,99.95704932187905
28.2,0.8837397802752469,99.90650549311883
28.233333333333334,0.8856858299633091,99.85785425091727
28.266666666666666,0.887477912392087,99.81305219019782
28.3,0.8891659446919293,99.77085138270176
28.333333333333332,0.8906097882160783,99.73475529459805
28.366666666666667,0.891593551796773,99.71016120508068
28.4,0.8919250165041485,99.70187458739629
28.433333333333334,0.8918761331350143,99.70309667162464
28.466666666666665,0.8916613485916067,99.70846628520984
28.5,0.8913550044116744,99.71612488970814
28.533333333333335,0.8910016908025005,99.72495772993749
28.566666666666666,0.8904438772263348,99.73890306934163
28.6,0.8897108829885393,99.75722792528651
28.633333333333333,0.8891458352327235,99.77135411918191
28.666666666666668,0.888804131329646,99.77989671675886
28.7,0.8886040300383997,99.78489924904001
28.733333333333334,0.8884884284797843,99.7877892880054
28.766666666666666,0.8885446414288973,99.78638396427756
28.8,0.8885315130153503,99.78671217461624
28.833333333333332,0.8883168847075853,99.79207788231037
28.866666666666667,0.8880469214703397,99.79882696324151
28.9,0.8877071938515865,99.80732015371034
28.933333333333334,0.8873365634816737,99.81658591295816
28.966666666666665,0.8868521704574874,99.82869573856281
29.0,0.8862134994678609,99.84466251330348
29.033333333333335,0.8855847087326997,99.8603822816825
29.066666666666666,0.8847049055838676,99.88237736040331
29.1,0.8837997657918941,99.90500585520265
29.133333333333333,0.8825898373605037,99.93525406598741
29.166666666666668,0.8811232572537296,99.97191856865676
29.2,0.8793399141948622,100.0
29.233333333333334,0.8771131345441044,100.0
29.266666666666666,0.8745191887319027,100.0
29.3,0.8715257008821279,100.0
29.333333333333332,0.8681452783400881,100.0
29.366666666666667,0.8644242719814925,100.0
29.4,0.8604656505398621,100.0
29.433333333333334,0.8566564560262029,100.0
29.466666666666665,0.8529835972404991,100.0
29.5,0.8497510434988746,100.0
29.533333333333335,0.8470189955603774,100.0
29.566666666666666,0.8448330363675315,100.0
29.6,0.8431617646970027,100.0
29.633333333333333,0.8417530556810694,100.0
29.666666666666668,0.8406083576567456,100.0
29.7,0.8396918828671793,100.0
29.733333333333334,0.8387747782923259,100.0
29.766666666666666,0.8384019092121748,100.0
29.8,0.8385134115568699,100.0
29.833333333333332,0.838999552904436,100.0
29.866666666666667,0.8397491853613565,100.0
29.9,0.8408282170985244,100.0
29.933333333333334,0.8420380282035074,100.0
29.966666666666665,0.8433605593747906,100.0
30.0,0.8447604789106758,100.0
30.033333333333335,0.8464721702918522,100.0
30.066666666666666,0.8484335336567054,100.0
30.1,0.8505799729698758,100.0
30.133333333333333,0.8527046542029986,100.0
30.166666666666668,0.854754258348814,100.0
30.2,0.8565987651697811,100.0
30.233333333333334,0.8583441579681894,100.0
30.266666666666666,0.8598787827974318,100.0
30.3,0.8611348808769402,100.0
30.333333333333332,0.862193205296688,100.0
30.366666666666667,0.8631105645589213,100.0
30.4,0.8640107845719831,100.0
30.433333333333334,0.8647347663535696,100.0
30.466666666666665,0.8651518284411349,100.0
30.5,0.8653444198348028,100.0
30.533333333333335,0.8653927976292043,100.0
30.566666666666666,0.8655356188424316,100.0
30.6,0.8657120160838315,100.0
30.633333333333333,0.8660819987889948,100.0
30.666666666666668,0.8665384144309749,100.0
30.7,0.8670167224265697,100.0
30.733333333333334,0.8672668431909429,100.0
30.766666666666666,0.8672975532749886,100.0
30.8,0.8672076826154164,100.0
30.833333333333332,0.8670008822608349,100.0
30.866666666666667,0.8666019526241913,100.0
30.9,0.8661641919407442,100.0
30.933333333333334,0.8656393525473249,100.0
30.966666666666665,0.8649681830599262,100.0
31.0,0.8640438097748241,100.0
31.033333333333335,0.86281460952305,100.0
31.066666666666666,0.861165283813582,100.0
31.1,0.8590141200454339,100.0
31.133333333333333,0.85668029867661,100.0
31.166666666666668,0.8542845141651948,100.0
31.2,0.8518549137604798,100.0
31.233333333333334,0.8495073187196893,100.0
31.266666666666666,0.8470191540600974,100.0
31.3,0.8440444993526132,100.0
31.333333333333332,0.8407088725729027,100.0
31.366666666666667,0.837233625012919,100.0
31.4,0.8336315808544176,100.0
31.433333333333334,0.8301454897584956,100.0
31.466666666666665,0.8267976672023235,100.0
31.5,0.8234470094415156,100.0
31.533333333333335,0.8198611621626836,100.0
31.566666666666666,0.8161628829671821,100.0
31.6,0.812380362478755,100.0
31.633333333333333,0.8085149101781057,100.0
31.666666666666668,0.8046660024162762,100.0
31.7,0.8009228753616492,100.0
31.733333333333334,0.7972233459002902,100.0
31.766666666666666,0.7936383678152639,100.0
31.8,0.7901981878201466,100.0
31.833333333333332,0.7868645944329413,100.0
31.866666666666667,0.7836968212373799,100.0
31.9,0.7806339497415231,100.0
31.933333333333334,0.7775676752438828,100.0
31.966666666666665,0.7745152580696439,100.0
32.0,0.7717826680916128,100.0
32.03333333333333,0.7692564713755232,100.0
32.06666666666667,0.7668091607950681,100.0
32.1,0.7645092218237298,100.0
32.13333333333333,0.7621582956331833,100.0
32.166666666666664,0.7597409954840364,100.0
32.2,0.7573099431877335,100.0
32.233333333333334,0.7550868665248817,100.0
32.266666666666666,0.7530853133022288,100.0
32.3,0.7512249399808317,100.0
32.333333333333336,0.7494592717742423,100.0
32.36666666666667,0.7477879581104241,100.0
32.4,0.7461747305874658,100.0
32.43333333333333,0.744713937143605,100.0
32.46666666666667,0.7433868827415913,100.0
32.5,0.7422305579644874,100.0
32.53333333333333,0.7412727958886348,100.0
32.56666666666667,0.7403198179774867,100.0
32.6,0.7393682346204603,100.0
32.63333333333333,0.7384299351278302,100.0
32.666666666666664,0.7374806825835811,100.0
32.7,0.7365080471124311,100.0
32.733333333333334,0.7354985129393385,100.0
32.766666666666666,0.7344630900579968,100.0
32.8,0.7335434870370803,100.0
32.833333333333336,0.7326743115331283,100.0
32.86666666666667,0.7318440396516717,100.0
32.9,0.7310506473627623,100.0
32.93333333333333,0.7302977525120894,100.0
32.96666666666667,0.7294886454738837,100.0
33.0,0.7287037504622922,100.0
33.03333333333333,0.7279983307247786,100.0
33.06666666666667,0.727347208761014,100.0
33.1,0.7267472450939424,100.0
33.13333333333333,0.7261555142032707,100.0
33.166666666666664,0.7256057380019209,100.0
33.2,0.7250986056660136,100.0
33.233333333333334,0.724647031409542,100.0
33.266666666666666,0.7243082068146206,100.0
33.3,0.7240932013061834,100.0
33.333333333333336,0.7240318733090444,100.0
33.36666666666667,0.7240463968987204,100.0
33.4,0.7241232314417653,100.0
33.43333333333333,0.7243829374433093,100.0
33.46666666666667,0.7248357689223207,100.0
33.5,0.7253017080216364,100.0
33.53333333333333,0.7258102905107224,100.0
33.56666666666667,0.7263910045252147,100.0
33.6,0.7270995388597641,100.0
33.63333333333333,0.7279913403538453,100.0
33.666666666666664,0.7291463148629612,100.0
33.7,0.7305699519035229,100.0
33.733333333333334,0.7322572509880084,100.0
33.766666666666666,0.7341883601700311,100.0
33.8,0.736353998664667,100.0
33.833333333333336,0.7387214094887202,100.0
33.86666666666667,0.741221069351776,100.0
33.9,0.7437995381369479,100.0
33.93333333333333,0.7462372712178552,100.0
33.96666666666667,0.7487805216503505,100.0
34.0,0.7513895920883823,100.0
34.03333333333333,0.7540605223228399,100.0
34.06666666666667,0.7569778465642012,100.0
34.1,0.7601346674183548,100.0
34.13333333333333,0.7634679550157463,100.0
34.166666666666664,0.7669417681629576,100.0
34.2,0.7705295850965822,100.0
34.233333333333334,0.7742576384014855,100.0
34.266666666666666,0.7781661478050518,100.0
34.3,0.7821775846610718,100.0
34.333333333333336,0.7862357405746023,100.0
34.36666666666667,0.7902215752631482,100.0
34.4,0.7940394934349596,100.0
34.43333333333333,0.7975099004225191,100.0
34.46666666666667,0.8007888294164247,100.0
34.5,0.8039123704440579,100.0
34.53333333333333,0.8068436487393743,100.0
34.56666666666667,0.8096825104192272,100.0
34.6,0.8124566334407445,100.0
34.63333333333333,0.8153047491209341,100.0
34.666666666666664,0.81792456856419,100.0
34.7,0.8204075501815905,100.0
34.733333333333334,0.8227623143117252,100.0
34.766666666666666,0.8249019355736456,100.0
34.8,0.8267271599648364,100.0
34.833333333333336,0.8282370895786286,100.0
34.86666666666667,0.8294230724368542,100.0
34.9,0.8303610191522828,100.0
34.93333333333333,0.8311277019751006,100.0
34.96666666666667,0.8317758587506936,100.0
35.0,0.8323931712947089,100.0
35.03333333333333,0.8330405298811407,100.0
35.06666666666667,0.8336887930722909,100.0
35.1,0.8341343205934122,100.0
35.13333333333333,0.8342946670979255,100.0
35.166666666666664,0.8339601391224243,100.0
35.2,0.8330014024728805,100.0
35.233333333333334,0.8316705413945978,100.0
35.266666666666666,0.830030330091458,100.0
35.3,0.8281406778516992,100.0
35.333333333333336,0.8261586580528845,100.0
35.36666666666667,0.8241716931383519,100.0
35.4,0.8221174516683375,100.0
35.43333333333333,0.8203089816088335,100.0
35.46666666666667,0.8184924611027142,100.0
35.5,0.8167201542182374,100.0
35.53333333333333,0.8149128140148667,100.0
35.56666666666667,0.8129572565244161,100.0
35.6,0.8108070864127567,100.0
35.63333333333333,0.8084183870711099,100.0
35.666666666666664,0.8057647841161246,100.0
35.7,0.8027239807083956,100.0
35.733333333333334,0.799189096659626,100.0
35.766666666666666,0.7952281905702023,100.0
35.8,0.7912587783111705,100.0
35.833333333333336,0.787606923113383,100.0
35.86666666666667,0.784460927468912,100.0
35.9,0.7819622608437029,100.0
35.93333333333333,0.7800547619998768,100.0
35.96666666666667,0.77860620116427,100.0
36.0,0.7775563962930205,100.0
36.03333333333333,0.7768547777781624,100.0
36.06666666666667,0.7764243743278134,100.0
36.1,0.7762342201405874,100.0
36.13333333333333,0.7759838729005559,100.0
36.166666666666664,0.7759358933878646,100.0
36.2,0.77591736966299,100.0
36.233333333333334,0.7760383233626461,100.0
36.266666666666666,0.7764430923114464,100.0
36.3,0.7771349698294856,100.0
36.333333333333336,0.7779933767527112,100.0
36.36666666666667,0.778926563864841,100.0
36.4,0.7800404388986525,100.0
36.43333333333333,0.7813286204601465,100.0
36.46666666666667,0.7828649455231717,100.0
36.5,0.7844296723323337,100.0
36.53333333333333,0.7858858377634436,100.0
36.56666666666667,0.787253599213126,100.0
36.6,0.7885363003746222,100.0
36.63333333333333,0.7896904686206854,100.0
36.666666666666664,0.7908622993676104,100.0
36.7,0.7921470510129899,100.0
36.733333333333334,0.7933528025458548,100.0
36.766666666666666,0.794483818738407,100.0
36.8,0.795530192822284,100.0
36.833333333333336,0.7963966278342625,100.0
36.86666666666667,0.7970020408635052,100.0
36.9,0.797434930573908,100.0
36.93333333333333,0.7978139113446601,100.0
36.96666666666667,0.7980888265084238,100.0
37.0,0.7982928081501235,100.0
37.03333333333333,0.79840933116975,100.0
37.06666666666667,0.7986104361828362,100.0
37.1,0.7988911777448306,100.0
37.13333333333333,0.7992346481281765,100.0
37.166666666666664,0.7995772299864747,100.0
37.2,0.7999688736463971,100.0
37.233333333333334,0.8004758534389166,100.0
37.266666666666666,0.8009712873379767,100.0
37.3,0.8014878462188451,100.0
37.333333333333336,0.8019507502271936,100.0
37.36666666666667,0.80222393237679,100.0
37.4,0.8021792812169606,100.0
37.43333333333333,0.8018733541329471,100.0
37.46666666666667,0.8013697106138513,100.0
37.5,0.8007575559968638,100.0
37.53333333333333,0.8000996199736047,100.0
37.56666666666667,0.7994769643047308,100.0
37.6,0.7989451499050277,100.0
37.63333333333333,0.798265310473863,100.0
37.666666666666664,0.7975462841921612,100.0
37.7,0.7969384937176546,100.0
37.733333333333334,0.7964390621863104,100.0
37.766666666666666,0.7958491361233646,100.0
37.8,0.795192352926023,100.0
37.833333333333336,0.7945495741853186,100.0
37.86666666666667,0.7939423168725409,100.0
37.9,0.7933976246562396,100.0
37.93333333333333,0.792907347081221,100.0
37.96666666666667,0.7924996330685294,100.0
38.0,0.792180519200898,100.0
38.03333333333333,0.7919099577587064,100.0
38.06666666666667,0.7917008822336452,100.0
38.1,0.7916019163506007,100.0
38.13333333333333,0.7917278505101102,100.0
38.166666666666664,0.7918713308614704,100.0
38.2,0.79187907540891,100.0
38.233333333333334,0.7917694493797369,100.0
38.266666666666666,0.7915353435537071,100.0
38.3,0.7912408704272655,100.0
38.333333333333336,0.7909122286026661,100.0
38.36666666666667,0.790504147957022,100.0
38.4,0.7899832701129904,100.0
38.43333333333333,0.7892783726945716,100.0
38.46666666666667,0.7885028937457493,100.0
38.5,0.7876378079420108,100.0
38.53333333333333,0.7866767584325294,100.0
38.56666666666667,0.7856516289008876,100.0
38.6,0.7845649023930877,100.0
38.63333333333333,0.7834764567232798,100.0
38.666666666666664,0.7824039364987451,100.0
38.7,0.7813980977509345,100.0
38.733333333333334,0.7802766272384007,100.0
38.766666666666666,0.7790380381167245,100.0
38.8,0.777523069114879,100.0
38.833333333333336,0.7756075959735726,100.0
38.86666666666667,0.7734463317174504,100.0
38.9,0.7711539827637007,100.0
38.93333333333333,0.768813261168607,100.0
38.96666666666667,0.7664097014585888,100.0
39.0,0.7639369673643591,100.0
39.03333333333333,0.7614178911017545,100.0
39.06666666666667,0.7589151493596844,100.0
39.1,0.7564356876502076,100.0
39.13333333333333,0.7541075149166817,100.0
39.166666666666664,0.7520343902523394,100.0
39.2,0.7500828570754191,100.0
39.233333333333334,0.748254673449976,100.0
39.266666666666666,0.7465596966689748,100.0
39.3,0.7449488966776554,100.0
39.333333333333336,0.7432615414236221,100.0
39.36666666666667,0.7415403043693221,100.0
39.4,0.7396297538132937,100.0
39.43333333333333,0.7377319263706095,100.0
39.46666666666667,0.7358042034522024,100.0
39.5,0.7339367579605792,100.0
39.53333333333333,0.7322545725489342,100.0
39.56666666666667,0.7307293246940304,100.0
39.6,0.7293691288088819,100.0
39.63333333333333,0.7280212243924288,100.0
39.666666666666664,0.7269446947525202,100.0
39.7,0.7263043123145494,100.0
39.733333333333334,0.7261691343366339,100.0
39.766666666666666,0.7264609522499503,100.0
39.8,0.7270753116150671,100.0
39.833333333333336,0.7280112433502044,100.0
39.86666666666667,0.7291658733651448,100.0
39.9,0.7305547177543549,100.0
39.93333333333333,0.7320855662070305,100.0
39.96666666666667,0.733716948799717,100.0
40.0,0.7353895948635453,100.0
40.03333333333333,0.7371841237501751,100.0
40.06666666666667,0.7390114873146735,100.0
40.1,0.740799498790034,100.0
40.13333333333333,0.7425363259248957,100.0
40.166666666666664,0.7443538542381296,100.0
40.2,0.7462076569312716,100.0
40.233333333333334,0.7483671169545787,100.0
40.266666666666666,0.7509090646800491,100.0
40.3,0.7538423188824063,100.0
40.333333333333336,0.7572370869995708,100.0
40.36666666666667,0.7608005209754319,100.0
40.4,0.7643721544408381,100.0
40.43333333333333,0.7677147840610742,100.0
40.46666666666667,0.7707812438056976,100.0
40.5,0.773501049019354,100.0
40.53333333333333,0.7759409415137785,100.0
40.56666666666667,0.7780676811587093,100.0
40.6,0.7799436116968956,100.0
40.63333333333333,0.7816916606958789,100.0
40.666666666666664,0.7831595792821572,100.0
40.7,0.784575253895066,100.0
40.733333333333334,0.7858243706854292,100.0
40.766666666666666,0.7869226273872194,100.0
40.8,0.7881361131251633,100.0
40.833333333333336,0.7895954371663685,100.0
40.86666666666667,0.7911575116185219,100.0
40.9,0.7930121856195833,100.0
40.93333333333333,0.7948582935100865,100.0
40.96666666666667,0.7966428485618368,100.0
41.0,0.7981270581887552,100.0
41.03333333333333,0.7994360032185697,100.0
41.06666666666667,0.8006286970329504,100.0
41.1,0.8017099785037998,100.0
41.13333333333333,0.8028709686085149,100.0
41.166666666666664,0.8041259599588244,100.0
41.2,0.8050848628185837,100.0
41.233333333333334,0.8054378230199959,100.0
41.266666666666666,0.805102440715208,100.0
41.3,0.8041384229029153,100.0
41.333333333333336,0.8025772988096843,100.0
41.36666666666667,0.800777499619931,100.0
41.4,0.798738082035104,100.0
41.43333333333333,0.7968484214355046,100.0
41.46666666666667,0.7951791227842806,100.0
41.5,0.7938160609028464,100.0
41.53333333333333,0.7928103424640589,100.0
41.56666666666667,0.7919507488445339,100.0
41.6,0.7913991706010203,100.0
41.63333333333333,0.790940735849608,100.0
41.666666666666664,0.7902847598630556,100.0
41.7,0.7897603781689388,100.0
41.733333333333334,0.7893444177939257,100.0
41.766666666666666,0.7890853808102815,100.0
41.8,0.7890973988722285,100.0
41.833333333333336,0.7894324799455221,100.0
41.86666666666667,0.7904559274760707,100.0
41.9,0.792567909320101,100.0
41.93333333333333,0.7954598261482179,100.0
41.96666666666667,0.7992021644402039,100.0
42.0,0.8037600420018781,100.0
42.03333333333333,0.8089589299674383,100.0
42.06666666666667,0.8144598326205612,100.0
42.1,0.8202261864863308,100.0
42.13333333333333,0.825866470298671,100.0
42.166666666666664,0.8311912924660877,100.0
42.2,0.8363368788405929,100.0
42.233333333333334,0.8411151305689263,100.0
42.266666666666666,0.8457410088988995,100.0
42.3,0.8497950764415771,100.0
42.333333333333336,0.8534204729362761,100.0
42.36666666666667,0.8568997940534835,100.0
42.4,0.8601457551656236,100.0
42.43333333333333,0.8630207308778827,100.0
42.46666666666667,0.8655765994712938,100.0
42.5,0.8678485850637216,100.0
42.53333333333333,0.8697342176711034,100.0
42.56666666666667,0.8708455580042236,100.0
42.6,0.8711982981987804,100.0
42.63333333333333,0.8712728605565646,100.0
42.666666666666664,0.8710362739443389,100.0
42.7,0.870765844888661,100.0
42.733333333333334,0.8706427814003275,100.0
42.766666666666666,0.8708934168693008,100.0
42.8,0.8713328629404439,100.0
42.833333333333336,0.872036685192847,100.0
42.86666666666667,0.8730163059971467,100.0
42.9,0.8738906466150334,100.0
42.93333333333333,0.8749008903986589,100.0
42.96666666666667,0.8759997866134908,100.0
43.0,0.8771976646523383,100.0
43.03333333333333,0.8785594547520194,100.0
43.06666666666667,0.8802013953695283,99.99496511576179
43.1,0.8820505712670241,99.9487357183244
43.13333333333333,0.8839699129631856,99.90075217592036
43.166666666666664,0.8859115521290205,99.85221119677449
43.2,0.8877421611498486,99.80644597125378
43.233333333333334,0.8895271244835751,99.76182188791063
43.266666666666666,0.891295975870754,99.71760060323115
43.3,0.8930025621057935,99.67493594735517
43.333333333333336,0.8946895023580057,99.63276244104986
43.36666666666667,0.8961301876866269,99.59674530783433
43.4,0.8970592676728151,99.57351830817963
43.43333333333333,0.8977020715081268,99.55744821229683
43.46666666666667,0.8980331646999063,99.54917088250234
43.5,0.8980902014514678,99.5477449637133
43.53333333333333,0.8979010351418919,99.5524741214527
43.56666666666667,0.8976442014022393,99.55889496494402
43.6,0.8975826975724762,99.5604325606881
43.63333333333333,0.8975603940656843,99.56099014835789
43.666666666666664,0.8976454722841529,99.55886319289618
43.7,0.8976230319249671,99.55942420187583
43.733333333333334,0.8975349679335212,99.56162580166198
43.766666666666666,0.8972676070791549,99.56830982302112
43.8,0.8968223112040015,99.57944221989996
43.833333333333336,0.8964096353321592,99.58975911669602
43.86666666666667,0.8960666519002829,99.59833370249292
43.9,0.8957402627062957,99.6064934323426
43.93333333333333,0.8954170118050807,99.61457470487298
43.96666666666667,0.8949760406728461,99.62559898317885
44.0,0.8947632908491172,99.63091772877208
44.03333333333333,0.8947802022475589,99.63049494381103
44.06666666666667,0.895321972679217,99.61695068301958
44.1,0.8963612232860159,99.5909694178496
44.13333333333333,0.8977426830295906,99.55643292426024
44.166666666666664,0.8994273582509825,99.51431604372544
44.2,0.9013834878397905,99.46541280400524
44.233333333333334,0.9035876638819124,99.4103084029522
44.266666666666666,0.9058752952180813,99.35311761954797
44.3,0.9080973802522035,99.29756549369492
44.333333333333336,0.9102083423405987,99.24479144148503
44.36666666666667,0.9122511364742917,99.19372158814271
44.4,0.9145443088237416,99.13639227940646
44.43333333333333,0.9167151993176293,99.08212001705927
44.46666666666667,0.9188687196597219,99.02828200850695
44.5,0.921038857963854,98.97402855090365
44.53333333333333,0.9228671999370095,98.92832000157476
44.56666666666667,0.9243592015925512,98.89101996018621
44.6,0.9256235674065435,98.85941081483641
44.63333333333333,0.9268497347871048,98.82875663032237
44.666666666666664,0.9282117805837112,98.79470548540722
44.7,0.9294082170042812,98.76479457489297
44.733333333333334,0.9303966814913884,98.74008296271529
44.766666666666666,0.9311364354652424,98.72158911336894
44.8,0.9317445396417302,98.70638650895674
44.833333333333336,0.9321002308922224,98.69749422769443
44.86666666666667,0.9323385165559008,98.69153708610249
44.9,0.9325740990434079,98.6856475239148
44.93333333333333,0.9328548514584695,98.67862871353826
44.96666666666667,0.9332387248259335,98.66903187935166
45.0,0.9334405871498691,98.66398532125328
45.03333333333333,0.9334869358096475,98.66282660475882
45.06666666666667,0.9333437693377711,98.66640576655573
45.1,0.9328276635356555,98.67930841160862
45.13333333333333,0.9323270198499539,98.69182450375115
45.166666666666664,0.9317941886150634,98.70514528462341
45.2,0.9313151724078308,98.71712068980423
45.233333333333334,0.9312959089626169,98.71760227593458
45.266666666666666,0.9317841553731486,98.70539611567128
45.3,0.9327237572266194,98.68190606933452
45.333333333333336,0.9338786101264008,98.65303474683998
45.36666666666667,0.9353384942572782,98.61653764356805
45.4,0.9370765384604821,98.57308653848794
45.43333333333333,0.9391990347537961,98.5200241311551
45.46666666666667,0.9416389142762879,98.4590271430928
45.5,0.9440239687248828,98.39940078187793
45.53333333333333,0.9463405475065524,98.34148631233619
45.56666666666667,0.9484450712796799,98.288873218008
45.6,0.9503460320865209,98.24134919783698
45.63333333333333,0.9519992776879588,98.20001805780103
45.666666666666664,0.9534704460151049,98.16323884962237
45.7,0.9549278766649562,98.1268030833761
45.733333333333334,0.9563419848994896,98.09145037751276
45.766666666666666,0.9577437855664425,98.05640536083894
45.8,0.9591975002523315,98.02006249369171
45.833333333333336,0.9607191756334681,97.9820206091633
45.86666666666667,0.9622221292382775,97.94444676904305
45.9,0.9635866086998693,97.91033478250327
45.93333333333333,0.9648633912092952,97.87841521976762
45.96666666666667,0.9657832827388374,97.85541793152906
46.0,0.9663120424745395,97.84219893813652
46.03333333333333,0.9667322342498815,97.83169414375296
46.06666666666667,0.966727922023792,97.8318019494052
46.1,0.9662464212080911,97.84383946979773
46.13333333333333,0.9652071037278983,97.86982240680254
46.166666666666664,0.9636063676282298,97.90984080929425
46.2,0.9616504904818198,97.95873773795451
46.233333333333334,0.9593742623549627,98.01564344112593
46.266666666666666,0.9573477817324354,98.06630545668912
46.3,0.955260916586147,98.11847708534633
46.333333333333336,0.9529673647410443,98.1758158814739
46.36666666666667,0.9501998256215318,98.2450043594617
46.4,0.9467866658654756,98.33033335336312
46.43333333333333,0.942702168923127,98.43244577692182
46.46666666666667,0.9379622369391547,98.55094407652113
46.5,0.9330650907042889,98.67337273239278
46.53333333333333,0.927976015116819,98.80059962207952
46.56666666666667,0.9227829270617528,98.93042682345617
46.6,0.9175980684041414,99.06004828989647
46.63333333333333,0.9122598865415674,99.19350283646081
46.666666666666664,0.9069860520839841,99.3253486979004
46.7,0.9018469143505837,99.45382714123541
46.733333333333334,0.8966040318681873,99.58489920329532
46.766666666666666,0.8914976635280447,99.71255841179888
46.8,0.8866939982647828,99.83265004338043
46.833333333333336,0.8823211932483632,99.94197016879092
46.86666666666667,0.8783610995805795,100.0
46.9,0.8748982559407004,100.0
46.93333333333333,0.8717821498968739,100.0
46.96666666666667,0.86844814265408,100.0
47.0,0.8651323397235448,100.0
47.03333333333333,0.861913279575334,100.0
47.06666666666667,0.8590735488914777,100.0
47.1,0.856792794540007,100.0
47.13333333333333,0.8551209872130682,100.0
47.166666666666664,0.8540265960806498,100.0
47.2,0.8532148558499244,100.0
47.233333333333334,0.8526171968779582,100.0
47.266666666666666,0.8521676704686527,100.0
47.3,0.8518427927857046,100.0
47.333333333333336,0.8515683974510883,100.0
47.36666666666667,0.8513129360088307,100.0
47.4,0.8510075294000895,100.0
47.43333333333333,0.8505069616918975,100.0
47.46666666666667,0.849789596665043,100.0
47.5,0.8487791941506518,100.0
47.53333333333333,0.847488558271136,100.0
47.56666666666667,0.8461013935398431,100.0
47.6,0.8446748002247514,100.0
47.63333333333333,0.8433423367232158,100.0
47.666666666666664,0.8421209912524336,100.0
47.7,0.8410335088234849,100.0
47.733333333333334,0.8401546733374226,100.0
47.766666666666666,0.838964284049768,100.0
47.8,0.8374624516971532,100.0
47.833333333333336,0.8356571926524581,100.0
47.86666666666667,0.8336624436177045,100.0
47.9,0.8315846131715249,100.0
47.93333333333333,0.8296831493238545,100.0
47.96666666666667,0.8282576261353628,100.0
48.0,0.8273738343110436,100.0
48.03333333333333,0.8271813089043957,100.0
48.06666666666667,0.8277348873449003,100.0
48.1,0.8290380124923564,100.0
48.13333333333333,0.8312372106094922,100.0
48.166666666666664,0.8341431159594966,100.0
48.2,0.8376055642076198,100.0
48.233333333333334,0.8415124795966877,100.0
48.266666666666666,0.8454401269930658,100.0
48.3,0.8491725964990428,100.0
48.333333333333336,0.85251191871027,100.0
48.36666666666667,0.8553121304798045,100.0
48.4,0.8575638766150611,100.0
48.43333333333333,0.859644281259129,100.0
48.46666666666667,0.8622207433944483,100.0
48.5,0.8652425613922867,100.0
48.53333333333333,0.8689295318163124,100.0
48.56666666666667,0.8730948196738074,100.0
48.6,0.8777621810750005,100.0
48.63333333333333,0.8826786221674018,99.93303444581495
48.666666666666664,0.8875579568337377,99.81105107915656
48.7,0.8922261170149194,99.69434707462702
48.733333333333334,0.8965780511169383,99.58554872207654
48.766666666666666,0.9004101668377652,99.48974582905586
48.8,0.9036259173365554,99.40935206658611
48.833333333333336,0.9063271369165337,99.34182157708666
48.86666666666667,0.9086515881737163,99.28371029565709
48.9,0.9108116413100236,99.22970896724941
48.93333333333333,0.9125777051208398,99.185557371979
48.96666666666667,0.9143025802056153,99.14243549485961
49.0,0.9162223948321371,99.09444012919657
49.03333333333333,0.9184106791096848,99.03973302225788
49.06666666666667,0.9210197258066489,98.97450685483378
49.1,0.9239065356599535,98.90233660850116
49.13333333333333,0.9266919871228709,98.83270032192823
49.166666666666664,0.9292197258326395,98.76950685418402
49.2,0.9316051793977177,98.70987051505706
49.233333333333334,0.9339405222226176,98.65148694443457
49.266666666666666,0.9363930286341048,98.59017428414738
49.3,0.938806364304177,98.52984089239557
49.333333333333336,0.9411328734360103,98.47167816409974
49.36666666666667,0.9433068619791162,98.41732845052209
49.4,0.9452443902214858,98.36889024446286
49.43333333333333,0.9468834753809203,98.32791311547699
49.46666666666667,0.9483283529598148,98.29179117600464
49.5,0.9496901867587366,98.25774533103159
49.53333333333333,0.950879732861713,98.22800667845718
49.56666666666667,0.9519678561621212,98.20080359594697
49.6,0.9528962241628788,98.17759439592803
49.63333333333333,0.9538940451850219,98.15264887037445
49.666666666666664,0.9549043215139108,98.12739196215223
49.7,0.9558682571866617,98.10329357033346
49.733333333333334,0.9569320831391146,98.07669792152214
49.766666666666666,0.9581190482446326,98.04702379388418
49.8,0.9595048924145383,98.01237768963654
49.833333333333336,0.9609848601419285,97.97537849645178
49.86666666666667,0.9625045133678162,97.9373871658046
49.9,0.9639570519383163,97.90107370154209
49.93333333333333,0.9651172949690865,97.87206762577284
49.96666666666667,0.9658544500914598,97.8536387477135
50.0,0.9661972647599703,97.84506838100074
50.03333333333333,0.9662746917518755,97.84313270620311
50.06666666666667,0.9662414071350136,97.84396482162467
50.1,0.9662151664705745,97.84462083823564
50.13333333333333,0.9662606701220582,97.84348324694855
50.166666666666664,0.9663270074713998,97.84182481321501
50.2,0.9664374206947487,97.83906448263129
50.233333333333334,0.9665398721273354,97.83650319681662
50.266666666666666,0.9666906034210275,97.83273491447432
50.3,0.9669385849359168,97.82653537660208
50.333333333333336,0.9672171808903666,97.81957047774084
50.36666666666667,0.9674952271438874,97.81261932140282
50.4,0.9677418189581165,97.80645452604709
50.43333333333333,0.9680662770619266,97.79834307345183
50.46666666666667,0.9683498568622587,97.79125357844353
50.5,0.9686540972168125,97.78364756957968
50.53333333333333,0.9690541244207729,97.77364688948067
50.56666666666667,0.9695060756779222,97.76234810805194
50.6,0.9701852322709501,97.74536919322625
50.63333333333333,0.9709785951034697,97.72553512241326
50.666666666666664,0.9719648473990865,97.70087881502283
50.7,0.9731037145093622,97.67240713726595
50.733333333333334,0.9741760779692863,97.64559805076784
50.766666666666666,0.9751335845116073,97.62166038720981
50.8,0.9760279320927042,97.59930169768239
50.833333333333336,0.9770104097463731,97.57473975634068
50.86666666666667,0.9781879833841275,97.54530041539681
50.9,0.9795908657886973,97.51022835528256
50.93333333333333,0.9809077005037915,97.47730748740521
50.96666666666667,0.9820079529902902,97.44980117524274
51.0,0.9828679994278717,97.4283000143032
51.03333333333333,0.9837106836141,97.4072329096475
51.06666666666667,0.9845581721717206,97.38604569570698
51.1,0.9855061829192596,97.36234542701851
51.13333333333333,0.9865014077488519,97.3374648062787
51.166666666666664,0.9876478954848751,97.30880261287813
51.2,0.9888460141236318,97.27884964690921
51.233333333333334,0.9900708609701836,97.2482284757454
51.266666666666666,0.9913178570534652,97.21705357366336
51.3,0.9925306057669068,97.18673485582732
51.333333333333336,0.9938392453496897,97.15401886625776
51.36666666666667,0.9952444399593733,97.11888900101567
51.4,0.9965368321190108,97.08657919702473
51.43333333333333,0.9975001862916562,97.0624953427086
51.46666666666667,0.9980891240521773,97.04777189869557
51.5,0.9982859203074872,97.04285199231282
51.53333333333333,0.9978267205049349,97.05433198737663
51.56666666666667,0.996550400957457,97.08623997606358
51.6,0.9942533141251111,97.14366714687222
51.63333333333333,0.991308800896401,97.21727997758997
51.666666666666664,0.9885973263554506,97.28506684111373
51.7,0.9858718937835262,97.35320265541185
51.733333333333334,0.9828393278540268,97.42901680364933
51.766666666666666,0.9794087831397552,97.51478042150612
51.8,0.9754043677131208,97.61489080717197
51.833333333333336,0.9708644038341282,97.7283899041468
51.86666666666667,0.9657885051319495,97.85528737170127
51.9,0.9602989687597161,97.9925257810071
51.93333333333333,0.9542626681003716,98.1434332974907
51.96666666666667,0.9478266243290127,98.30433439177469
52.0,0.9409911554758478,98.4752211131038
52.03333333333333,0.9338151725564633,98.65462068608842
52.06666666666667,0.9262750964707749,98.84312258823063
52.1,0.918561001321959,99.03597496695103
52.13333333333333,0.9113084330079588,99.21728917480102
52.166666666666664,0.9045320218767146,99.38669945308213
52.2,0.8981983703415954,99.54504074146011
52.233333333333334,0.8924038651631676,99.6899033709208
52.266666666666666,0.8872260011060875,99.81934997234781
52.3,0.8827819584715616,99.93045103821096
52.333333333333336,0.8789941335561666,100.0
52.36666666666667,0.8750026406105565,100.0
52.4,0.8710487836772903,100.0
52.43333333333333,0.8675471505557756,100.0
52.46666666666667,0.8645106426782098,100.0
52.5,0.8619574480100285,100.0
52.53333333333333,0.8596249943309404,100.0
52.56666666666667,0.8574099840150249,100.0
52.6,0.8551799213090175,100.0
52.63333333333333,0.8530887431036905,100.0
52.666666666666664,0.850985222332431,100.0
52.7,0.8488904204053789,100.0
52.733333333333334,0.846643849445495,100.0
52.766666666666666,0.8443701414186672,100.0
52.8,0.8421077075756943,100.0
52.833333333333336,0.8395389088167173,100.0
52.86666666666667,0.8365978743538146,100.0
52.9,0.8335001303373573,100.0
52.93333333333333,0.8305556138602896,100.0
52.96666666666667,0.8276873020938854,100.0
53.0,0.8249120454381285,100.0
53.03333333333333,0.8222826222161359,100.0
53.06666666666667,0.8198694728821332,100.0
53.1,0.8177358465332936,100.0
53.13333333333333,0.8157044099950397,100.0
53.166666666666664,0.8133171070873734,100.0
53.2,0.8107885392468167,100.0
53.233333333333334,0.8083466084536336,100.0
53.266666666666666,0.8061008179540812,100.0
53.3,0.8042285830542355,100.0
53.333333333333336,0.8027844570406847,100.0
53.36666666666667,0.8018806962901331,100.0
53.4,0.801455085871,100.0
53.43333333333333,0.8018636981472366,100.0
53.46666666666667,0.8028611908756981,100.0
53.5,0.8043270840705733,100.0
53.53333333333333,0.8060929082164766,100.0
53.56666666666667,0.808272539678422,100.0
53.6,0.8106897677629774,100.0
53.63333333333333,0.812667549684273,100.0
53.666666666666664,0.8145317458437357,100.0
53.7,0.8164109718468379,100.0
53.733333333333334,0.8182565867996695,100.0
53.766666666666666,0.8201158193829944,100.0
53.8,0.8220741319801722,100.0
53.833333333333336,0.8240907164018613,100.0
53.86666666666667,0.8267668791966116,100.0
53.9,0.8299954254144838,100.0
53.93333333333333,0.8334310366040518,100.0
53.96666666666667,0.8370002486943061,100.0
54.0,0.8405291520195955,100.0
54.03333333333333,0.8440672528743635,100.0
54.06666666666667,0.8478037486003727,100.0
54.1,0.8519652822148137,100.0
54.13333333333333,0.8562747648931254,100.0
54.166666666666664,0.8609782613932017,100.0
54.2,0.8660771951382419,100.0
54.233333333333334,0.8717125692803128,100.0
54.266666666666666,0.8776712299976941,100.0
54.3,0.88380614851585,99.90484628710375
54.333333333333336,0.8905435524227983,99.73641118943004
54.36666666666667,0.8976325523776242,99.5591861905594
54.4,0.9046453371965232,99.38386657008692
54.43333333333333,0.911195828085499,99.22010429786252
54.46666666666667,0.9174406285663107,99.06398428584224
54.5,0.9233355723206497,98.91661069198376
54.53333333333333,0.929239450463478,98.76901373841305
54.56666666666667,0.9351901698703594,98.62024575324101
54.6,0.9410373528746001,98.474066178135
54.63333333333333,0.947048093990917,98.32379765022708
54.666666666666664,0.9532157612183122,98.16960596954219
54.7,0.9592708979757586,98.01822755060604
54.733333333333334,0.9654451840919879,97.8638703977003
54.766666666666666,0.9714702425887539,97.71324393528116
54.8,0.9772097147096093,97.56975713225977
54.833333333333336,0.9825079789617325,97.43730052595669
54.86666666666667,0.9872117092249857,97.31970726937536
54.9,0.9914118150381392,97.21470462404652
54.93333333333333,0.9951646026601997,97.120884933495
54.96666666666667,0.9984753410639223,97.03811647340194
55.0,1.001409528711627,96.96476178220932
55.03333333333333,1.0038820645451114,96.90294838637222
55.06666666666667,1.0056985640832192,96.85753589791952
55.1,1.0071619519272645,96.82095120181839
55.13333333333333,1.0087332882730191,96.78166779317452
55.166666666666664,1.0099471381472103,96.75132154631974
55.2,1.0107128779223404,96.73217805194149
55.233333333333334,1.01059078702441,96.73523032438975
55.266666666666666,1.0096045027766256,96.75988743058436
55.3,1.0077339965203924,96.80665008699019
55.333333333333336,1.0049989627789082,96.8750259305273
55.36666666666667,1.001404229740651,96.96489425648373
55.4,0.9974068285816209,97.06482928545948
55.43333333333333,0.9934265694679577,97.16433576330105
55.46666666666667,0.9895207752655869,97.26198061836033
55.5,0.9854810064535504,97.36297483866124
55.53333333333333,0.9813109251970654,97.46722687007336
55.56666666666667,0.9769525238205745,97.57618690448564
55.6,0.9722897465608743,97.69275633597815
55.63333333333333,0.9672950104808461,97.81762473797885
55.666666666666664,0.9620956597525092,97.94760850618727
55.7,0.9567819547474444,98.0804511313139
55.733333333333334,0.9514585924206995,98.21353518948251
55.766666666666666,0.9463926513537478,98.3401837161563
55.8,0.9416450393370662,98.45887401657335
55.833333333333336,0.9372508403074539,98.56872899231365
55.86666666666667,0.9334489052162448,98.66377736959387
55.9,0.9302871610448002,98.74282097388
55.93333333333333,0.9277422455993802,98.80644386001549
55.96666666666667,0.9256731677138497,98.85817080715375
56.0,0.9241723206951953,98.89569198262012
56.03333333333333,0.9232196530354447,98.91950867411389
56.06666666666667,0.9228009514502068,98.92997621374484
56.1,0.9227984980200903,98.93003754949774
56.13333333333333,0.9224782810105352,98.93804297473662
56.166666666666664,0.9217790796245301,98.95552300938675
56.2,0.9209153671653403,98.97711582086649
56.233333333333334,0.9199090041960533,99.00227489509867
56.266666666666666,0.9189142892336621,99.02714276915844
56.3,0.9180699557051529,99.04825110737117
56.333333333333336,0.9174444875602035,99.06388781099491
56.36666666666667,0.917034566703437,99.07413583241407
56.4,0.9168110248473129,99.07972437881718
56.43333333333333,0.9166917382498241,99.0827065437544
56.46666666666667,0.9166580147399518,99.0835496315012
56.5,0.9166611494487275,99.08347126378182
56.53333333333333,0.9166158576723376,99.08460355819156
56.56666666666667,0.91655468853167,99.08613278670825
56.6,0.9163965123247089,99.09008719188228
56.63333333333333,0.9162458315341698,99.09385421164575
56.666666666666664,0.9161322342596763,99.09669414350809
56.7,0.9160661429755931,99.09834642561017
56.733333333333334,0.9161182835814634,99.09704291046341
56.766666666666666,0.9163492891206901,99.09126777198274
56.8,0.916923855638079,99.07690360904803
56.833333333333336,0.9178787035018603,99.05303241245349
56.86666666666667,0.919294001544812,99.0176499613797
56.9,0.920997227797555,98.97506930506113
56.93333333333333,0.9224913280503733,98.93771679874067
56.96666666666667,0.9237042448647654,98.90739387838086
57.0,0.9246953593276229,98.88261601680942
57.03333333333333,0.925449107973272,98.8637723006682
57.06666666666667,0.9259388705471298,98.85152823632176
57.1,0.9262039068965324,98.8449023275867
57.13333333333333,0.9263420276087916,98.84144930978022
57.166666666666664,0.9263838671198228,98.84040332200443
57.2,0.9262874404876014,98.84281398780996
57.233333333333334,0.9259898795735808,98.85025301066048
57.266666666666666,0.9253128769816162,98.86717807545959
57.3,0.9242248518782122,98.8943787030447
57.333333333333336,0.9225181758972971,98.93704560256757
57.36666666666667,0.9202249869062398,98.994375327344
57.4,0.917398843296281,99.06502891759297
57.43333333333333,0.9143933858684475,99.14016535328881
57.46666666666667,0.9114775678252274,99.21306080436932
57.5,0.9086128264644865,99.28467933838783
57.53333333333333,0.9055084570745048,99.36228857313738
57.56666666666667,0.902341680687451,99.44145798281373
57.6,0.8992457401602566,99.51885649599359
57.63333333333333,0.896736796397416,99.5815800900646
57.666666666666664,0.894954669109664,99.6261332722584
57.7,0.893644787853765,99.65888030365588
57.733333333333334,0.8924452155089619,99.68886961227595
57.766666666666666,0.8905545437673142,99.73613640581715
57.8,0.8878469335039944,99.80382666240014
57.833333333333336,0.8842955469868437,99.89261132532891
57.86666666666667,0.8800510767176568,99.99872308205858
57.9,0.8754062845966608,100.0
57.93333333333333,0.8710099113010761,100.0
57.96666666666667,0.8670670021263256,100.0
58.0,0.8636599604666146,100.0
58.03333333333333,0.8609816035668213,100.0
58.06666666666667,0.859090785972776,100.0
58.1,0.8579086112639147,100.0
58.13333333333333,0.8569421840687494,100.0
58.166666666666664,0.8558964390169062,100.0
58.2,0.8546589053518376,100.0
58.233333333333334,0.8533763678094379,100.0
58.266666666666666,0.8517697405106294,100.0
58.3,0.8497849406605014,100.0
58.333333333333336,0.8473747182567946,100.0
58.36666666666667,0.8442399709397201,100.0
58.4,0.8408591547354829,100.0
58.43333333333333,0.8377200591650042,100.0
58.46666666666667,0.8356025816399614,100.0
58.5,0.8345296467525574,100.0
58.53333333333333,0.8344723179087561,100.0
58.56666666666667,0.8352510093795955,100.0
58.6,0.8365999548386975,100.0
58.63333333333333,0.8379557934965332,100.0
58.666666666666664,0.8392413345927369,100.0
58.7,0.8404380343464906,100.0
58.733333333333334,0.8415808008293388,100.0
58.766666666666666,0.84260352479392,100.0
58.8,0.8435013420513313,100.0
58.833333333333336,0.8444653106177943,100.0
58.86666666666667,0.8454281738847342,100.0
58.9,0.8465671367247103,100.0
58.93333333333333,0.8477599915732872,100.0
58.96666666666667,0.8490044414626174,100.0
59.0,0.8502318845171266,100.0
59.03333333333333,0.8513913415114083,100.0
59.06666666666667,0.8524572280211602,100.0
59.1,0.8531528970139914,100.0
59.13333333333333,0.8533389130399429,100.0
59.166666666666664,0.8532011490000044,100.0
59.2,0.852914016035022,100.0
59.233333333333334,0.8525570294234825,100.0
59.266666666666666,0.8523745447537119,100.0
59.3,0.8523371770856917,100.0
59.333333333333336,0.8524561023237237,100.0
59.36666666666667,0.8527068338014956,100.0
59.4,0.8529861229443364,100.0
59.43333333333333,0.8529744304424373,100.0
59.46666666666667,0.8526632783065645,100.0
59.5,0.8520937009690069,100.0
59.53333333333333,0.8511259446875818,100.0
59.56666666666667,0.8497891803043749,100.0
59.6,0.8479758722224421,100.0
59.63333333333333,0.8459492084234684,100.0
59.666666666666664,0.8437894166471241,100.0
59.7,0.8415550222234194,100.0
59.733333333333334,0.8395227269575258,100.0
59.766666666666666,0.8379190483660657,100.0
59.8,0.8367056457592248,100.0
59.833333333333336,0.8359818396647982,100.0
59.86666666666667,0.8358612843641001,100.0
59.9,0.8358013407010867,100.0
59.93333333333333,0.8356804592179023,100.0
59.96666666666667,0.8352633432487664,100.0
60.0,0.8347379705650804,100.0
60.03333333333333,0.834126994057849,100.0
60.06666666666667,0.833270917730227,100.0
60.1,0.8322224672134583,100.0
60.13333333333333,0.8312798980286398,100.0
60.166666666666664,0.8304519919355675,100.0
60.2,0.8297595194126276,100.0
60.233333333333334,0.829204151566232,100.0
60.266666666666666,0.8288924015997619,100.0
60.3,0.8288024422304748,100.0
60.333333333333336,0.8289817205909661,100.0
60.36666666666667,0.8294814936066033,100.0
